{"cameraMode":{"drawMode":0,"name":"Shaded","section":"Shading Mode"},"sceneLighting":false,"audioPlay":false,"sceneViewState":{"showFog":true,"showMaterialUpdate":false,"showSkybox":true,"showFlares":true,"showImageEffects":true,"showParticleSystems":true},"in2DMode":false,"pivot":{"x":6.96999979019165,"y":0.029999999329447748,"z":4.853736877441406},"rotation":{"x":-0.010824603028595448,"y":-0.9822320342063904,"z":0.17752978205680848,"w":-0.0598856620490551},"size":2.5280957221984865,"orthographic":false}