{"cameraMode":{"drawMode":0,"name":"Shaded","section":"Shading Mode"},"sceneLighting":false,"audioPlay":false,"sceneViewState":{"showFog":true,"showMaterialUpdate":false,"showSkybox":true,"showFlares":true,"showImageEffects":true,"showParticleSystems":true},"in2DMode":false,"pivot":{"x":0.0030564069747924806,"y":1.1267790794372559,"z":0.21778732538223267},"rotation":{"x":-0.28664693236351015,"y":0.6081203818321228,"z":-0.25019243359565737,"w":-0.6967258453369141},"size":5.9296674728393559,"orthographic":false}