{"cameraMode":{"drawMode":0,"name":"Shaded","section":"Shading Mode"},"sceneLighting":false,"audioPlay":false,"sceneViewState":{"showFog":true,"showMaterialUpdate":false,"showSkybox":true,"showFlares":true,"showImageEffects":true,"showParticleSystems":true},"in2DMode":false,"pivot":{"x":-9.057600021362305,"y":1.6349999904632569,"z":-71.29605865478516},"rotation":{"x":-0.12884150445461274,"y":-0.6136043071746826,"z":0.10236985236406326,"w":-0.7722759246826172},"size":0.04419051483273506,"orthographic":false}