{"cameraMode":{"drawMode":0,"name":"Shaded","section":"Shading Mode"},"sceneLighting":false,"audioPlay":false,"sceneViewState":{"showFog":true,"showMaterialUpdate":false,"showSkybox":true,"showFlares":true,"showImageEffects":true,"showParticleSystems":true},"in2DMode":false,"pivot":{"x":-9.057600021362305,"y":1.635209560394287,"z":-71.29605865478516},"rotation":{"x":-0.09088242799043656,"y":-0.7563289403915405,"z":0.10759486258029938,"w":-0.6388508081436157},"size":0.39926666021347048,"orthographic":false}